Workbook

Sheet Bio
A1: Campo | B1: Contenuto
A2: Sottotitolo | B2: Non è un servizio e non vendo nulla. Condivido solo quello che imparo dalla mia esperienza di gioco.
A3: Titolo bio | B3: Chi sono
A4: Bio | B4: Mi chiamo Valerio e seguo NFL e calcio da 20 anni. Ho aperto questo spazio per tenere traccia delle mie giocate in modo trasparente: ogni riga che leggi qui è una scommessa che ho fatto con i miei soldi, vinta o persa che sia. Non vivo di questo e non pretendo di avere un metodo infallibile. Registro tutto perché i numeri scritti sono l'unico modo per non raccontarsela: la memoria tiene le vincite e cancella il resto. Quello che trovi nelle note sono le riflessioni che mi porto dietro dopo ogni giornata — soprattutto dagli errori, che sono la parte più utile.
A5: Titolo cosa trovi | B5: Cosa trovi qui
A6: Cosa trovi | B6: Il registro completo delle mie giocate, con importi ed esiti reali, aggiornato a mano. Il saldo e il rendimento calcolati sull'intero storico, senza selezionare i periodi favorevoli. Le note in cui ragiono su cosa ha funzionato e cosa no. Il foglio di calcolo scaricabile, così puoi verificare i conti da solo.
A7: Nota finale | B7: Se hai domande o vuoi segnalarmi un errore nei conti, scrivimi a [tua-email].
A9: Non cambiare i nomi nella colonna "Campo": la pagina li cerca esattamente così.
A10: Per andare a capo dentro una cella premi ALT+INVIO. In "Cosa trovi" ogni riga diventa un punto elenco.
A11: Sottotitolo alternativo, se preferisci: "Non è un servizio e non vendo nulla, offro solo consigli dalle mie esperienze di gioco personale."

Sheet Scommesse
A1: Data | B1: Sport | C1: Evento | D1: Tipo Scommessa | E1: Quota | F1: Importo Scommesso (€) | G1: Esito | H1: Guadagno/Perdita (€) | I1: ROI (%)
A2: 2026-08-10 | B2: Calcio | C2: Inter vs Milan | D2: 1X2 - Vittoria Inter | E2: 1.85 | F2: 100 | G2: Vinta | H2: =IF(G2="Vinta",(E2*F2)-F2,IF(G2="Persa",-F2,0)) -> 85 | I2: =_xlfn.IFERROR(H2/F2,0) -> 0.85
A3: 2026-08-14 | B3: NFL | C3: Chiefs vs Bills | D3: Over 47.5 punti | E3: 1.9 | F3: 150 | G3: Persa | H3: =IF(G3="Vinta",(E3*F3)-F3,IF(G3="Persa",-F3,0)) -> -150 | I3: =_xlfn.IFERROR(H3/F3,0) -> -1
A4: 2026-08-17 | B4: Calcio | C4: Juventus vs Napoli | D4: Doppia Chance 1X | E4: 1.4 | F4: 200 | G4: Vinta | H4: =IF(G4="Vinta",(E4*F4)-F4,IF(G4="Persa",-F4,0)) -> 80 | I4: =_xlfn.IFERROR(H4/F4,0) -> 0.4
A5: 46254 | B5: Calcio | C5: Bologna vs Roma | D5: Totale Goal O2.5 | E5: 1.9 | F5: 200 | G5: vinta | H5: =IF(G5="Vinta",(E5*F5)-F5,IF(G5="Persa",-F5,0)) -> 180 | I5: =_xlfn.IFERROR(H5/F5,0) -> 0.9
H6: =IF(G6="Vinta",(E6*F6)-F6,IF(G6="Persa",-F6,0)) -> 0 | I6: =_xlfn.IFERROR(H6/F6,0) -> 0
H7: =IF(G7="Vinta",(E7*F7)-F7,IF(G7="Persa",-F7,0)) -> 0 | I7: =_xlfn.IFERROR(H7/F7,0) -> 0
H8: =IF(G8="Vinta",(E8*F8)-F8,IF(G8="Persa",-F8,0)) -> 0 | I8: =_xlfn.IFERROR(H8/F8,0) -> 0
H9: =IF(G9="Vinta",(E9*F9)-F9,IF(G9="Persa",-F9,0)) -> 0 | I9: =_xlfn.IFERROR(H9/F9,0) -> 0
H10: =IF(G10="Vinta",(E10*F10)-F10,IF(G10="Persa",-F10,0)) -> 0 | I10: =_xlfn.IFERROR(H10/F10,0) -> 0
H11: =IF(G11="Vinta",(E11*F11)-F11,IF(G11="Persa",-F11,0)) -> 0 | I11: =_xlfn.IFERROR(H11/F11,0) -> 0
H12: =IF(G12="Vinta",(E12*F12)-F12,IF(G12="Persa",-F12,0)) -> 0 | I12: =_xlfn.IFERROR(H12/F12,0) -> 0
H13: =IF(G13="Vinta",(E13*F13)-F13,IF(G13="Persa",-F13,0)) -> 0 | I13: =_xlfn.IFERROR(H13/F13,0) -> 0
H14: =IF(G14="Vinta",(E14*F14)-F14,IF(G14="Persa",-F14,0)) -> 0 | I14: =_xlfn.IFERROR(H14/F14,0) -> 0
H15: =IF(G15="Vinta",(E15*F15)-F15,IF(G15="Persa",-F15,0)) -> 0 | I15: =_xlfn.IFERROR(H15/F15,0) -> 0
H16: =IF(G16="Vinta",(E16*F16)-F16,IF(G16="Persa",-F16,0)) -> 0 | I16: =_xlfn.IFERROR(H16/F16,0) -> 0
H17: =IF(G17="Vinta",(E17*F17)-F17,IF(G17="Persa",-F17,0)) -> 0 | I17: =_xlfn.IFERROR(H17/F17,0) -> 0
... H31: =IF(G31="Vinta",(E31*F31)-F31,IF(G31="Persa",-F31,0)) -> 0 | I31: =_xlfn.IFERROR(H31/F31,0) -> 0
A33: Legenda:
A34: Celle blu = da compilare manualmente
A35: Esito: scrivere esattamente "Vinta", "Persa" o lasciare vuoto
A36: Guadagno/Perdita e ROI si calcolano da soli

Sheet Riepilogo
A1: RIEPILOGO PERFORMANCE SCOMMESSE
A3: Totale scommesse piazzate | B3: =COUNTA(Scommesse!G2:G31) -> 4
A4: Scommesse vinte | B4: =COUNTIF(Scommesse!G2:G31,"Vinta") -> 3
A5: Scommesse perse | B5: =COUNTIF(Scommesse!G2:G31,"Persa") -> 1
A6: Percentuale di vittoria (%) | B6: =_xlfn.IFERROR(B4/B3,0) -> 0.75
A7: Totale importo scommesso (€) | B7: =SUM(Scommesse!F2:F31) -> 650
A8: Guadagno/Perdita totale (€) | B8: =SUM(Scommesse!H2:H31) -> 195
A9: ROI complessivo (%) | B9: =_xlfn.IFERROR(B8/B7,0) -> 0.3

Sheet Note
A1: Data | B1: Titolo | C1: Testo
A2: 2026-08-17 | B2: Perché tengo questo diario | C2: Registrare ogni giocata mi obbliga a essere onesto con me stesso. Senza numeri scritti si ricordano solo le vincite, e il quadro che ne esce non ha niente a che vedere con la realtà. Qui c'è tutto, comprese le perdite.
A3: 2026-08-14 | B3: Chiefs – Bills, letta male | C3: Avevo puntato sull'over convinto dal ritmo delle ultime uscite, ignorando il meteo previsto e la difesa in ripresa di Buffalo. Un dato preso da solo, fuori contesto, non vale granché.
A33: Le note più recenti vanno in cima. La data si scrive AAAA-MM-GG.
